1644,54,44,52,49,48,44,52,50,50,10,51,50,54,44,52,48,48,44,52,49,54,44,52,49,48,44,52,50,50,10,51,50,54,44,52,48,48,44,52,49,54,44,52,49,48,44,52,50,50,10,88,192,143,126,0,0,0,0,0,0,192,160,22,190,145,202,191,108,184,191,110,239,190,252,125,193,217,91,194,157,1,191,71,161,191,237,222,0,0,0,0,0,0,192,160,23,190,146,252,191,43,69,191,111,44,190,175,217,190,5,37,193,76,163,189
1696,54,44,52,49,48,44,52,50,50,10,51,50,54,44,52,48,48,44,52,49,54,44,52,49,48,44,52,50,50,10,51,50,54,44,52,48,48,44,52,49,54,44,52,49,48,44,52,50,50,10,193,13,123,193,134,55,191,26,193,191,253,28,0,0,0,0,0,0,192,160,38,191,133,154,191,26,163,191,148,73,191,89,169,195,8,218,193,240,62,191,188,182,192,131,99,0,0,0,0,0,0,192,160,39,191,75,208,190,218,241,191,101,7,191,26
1731,54,44,52,49,48,44,52,50,50,10,51,50,54,44,52,48,48,44,52,49,54,44,52,49,48,44,52,50,50,10,51,50,54,44,52,48,48,44,52,49,54,44,52,49,48,44,52,50,50,10,34,191,27,210,191,15,166,192,108,142,190,45,4,191,132,141,0,48,4,64,30,176,192,160,46,191,167,203,191,252,239,191,163,110,191,61,179,194,162,224,193,120,194,191,174,234,192,129,173,0,0,0,0,0,0,192,160,47,191,112,112,191,137,200,191
1743,51,50,54,44,52,48,48,44,52,49,54,44,52,49,48,44,52,50,50,10,51,50,54,44,52,48,48,44,52,49,54,44,52,49,48,44,52,50,50,10,51,50,54,44,52,48,48,44,52,49,130,49,191,3,241,192,197,16,192,126,18,190,111,136,191,235,71,0,0,0,0,0,0,192,160,48,191,106,143,191,61,247,191,121,237,190,252,63,188,208,254,191,78,249,188,221,201,190,202,55,0,0,0,0,0,0,192,160,49,191,167,184,191,79,233
1787,54,44,52,49,48,44,52,50,49,10,51,50,55,44,52,48,48,44,52,49,54,44,52,49,48,44,52,50,50,10,51,50,54,44,52,48,48,44,52,49,54,44,52,49,48,44,52,50,50,10,150,22,190,215,52,191,163,204,191,87,44,193,242,147,192,182,167,191,58,182,192,90,49,0,0,0,0,0,0,192,160,60,191,95,248,190,154,231,191,112,138,191,27,216,189,254,197,191,67,40,189,74,19,191,49,57,0,0,0,0,0,0,192,160,61
1804,55,44,52,49,48,44,52,50,50,10,51,50,54,44,52,48,48,44,52,49,54,44,52,49,48,44,52,50,50,10,51,50,54,44,52,48,48,44,52,49,54,44,52,49,48,44,52,50,50,10,63,191,161,253,191,19,197,191,174,197,191,158,88,194,3,193,192,184,100,191,93,122,192,102,164,0,0,0,0,0,0,192,160,64,191,105,150,190,213,38,191,129,255,190,233,35,190,158,210,191,100,17,189,150,246,191,106,96,0,0,0,0,0,0,192
1849,54,44,52,49,48,44,52,50,49,10,51,50,55,44,51,57,57,44,52,49,54,44,52,49,48,44,52,50,50,10,51,50,54,44,52,48,48,44,52,49,54,44,52,49,48,44,52,50,49,10,0,0,0,192,160,73,191,95,44,191,33,217,191,123,255,191,16,32,187,210,137,190,112,163,188,157,86,190,154,165,0,0,0,0,0,0,192,160,74,191,156,97,191,115,221,191,174,173,191,91,110,188,215,186,191,28,108,189,99,146,191,7,177,0,0
1890,54,44,52,49,48,44,52,50,50,10,51,50,54,44,52,48,48,44,52,49,54,44,52,49,48,44,52,50,49,10,51,50,54,44,52,48,48,44,52,49,54,44,52,49,48,44,52,50,50,10,163,0,0,0,0,0,0,192,160,81,191,113,212,190,70,149,191,135,128,190,225,152,188,186,67,190,159,206,189,7,83,190,255,233,0,0,0,0,0,0,192,160,82,191,155,127,190,121,6,191,172,9,190,254,212,187,169,81,190,147,112,188,233,46,190
1907,54,44,52,49,48,44,52,50,50,10,51,50,54,44,52,48,48,44,52,49,54,44,52,49,48,44,52,50,50,10,51,50,54,44,52,48,48,44,52,49,54,44,52,49,48,44,52,50,50,10,224,190,146,180,0,0,0,0,0,0,192,160,87,191,186,138,190,222,191,191,192,28,191,102,16,190,158,179,191,168,62,190,91,32,191,180,203,0,0,0,0,0,0,192,160,88,191,169,52,190,218,11,191,191,147,191,97,117,193,45,202,192,46,246,191
2021,54,44,52,49,48,44,52,50,50,10,51,50,54,44,52,48,48,44,52,49,54,44,52,49,48,44,52,50,50,10,51,50,54,44,52,48,48,44,52,49,54,44,52,49,48,44,52,50,49,10,20,82,191,250,20,191,25,184,192,47,190,0,0,0,0,0,0,192,160,101,191,141,164,191,29,183,191,171,176,191,20,173,191,186,224,191,135,133,190,160,72,192,6,251,0,0,0,0,0,0,192,160,102,191,99,109,190,241,119,191,128,217,190,233,139
2032,51,50,54,44,52,48,48,44,52,49,55,44,52,49,48,44,52,50,50,10,51,50,54,44,52,48,48,44,52,49,54,44,52,49,48,44,52,50,50,10,51,50,54,44,52,48,48,44,52,49,187,207,148,190,30,59,188,200,50,190,186,149,0,0,0,0,0,0,192,160,103,191,155,68,191,46,177,191,176,240,191,39,84,187,146,36,190,94,231,189,4,230,190,184,78,0,0,0,0,0,0,192,160,104,191,192,152,191,111,32,191,204,165,191,103
2061,51,50,54,44,52,48,48,44,52,49,54,44,52,49,48,44,52,50,50,10,51,50,54,44,52,48,48,44,52,49,54,44,52,49,48,44,52,50,50,10,51,50,54,44,52,48,48,44,52,49,7,104,188,67,43,190,61,45,189,0,40,190,232,76,0,0,0,0,0,0,192,160,107,191,142,75,191,59,188,191,166,238,191,54,142,187,49,209,190,26,90,188,199,218,190,136,118,0,0,0,0,0,0,192,160,108,191,192,81,191,134,151,191,204,134
2125,51,50,54,44,52,48,48,44,52,49,55,44,52,49,48,44,52,50,49,10,51,50,54,44,52,48,48,44,52,49,54,44,52,49,48,44,52,50,50,10,51,50,54,44,52,48,48,44,52,49,148,191,196,228,191,197,81,188,213,190,190,235,255,190,10,83,191,73,198,0,0,0,0,0,0,192,160,117,191,190,246,192,25,18,191,215,15,191,216,220,192,45,15,191,222,56,191,113,91,192,83,15,0,0,0,0,0,0,192,160,118,191,137,246,191
2142,51,50,54,44,52,48,48,44,52,49,54,44,52,49,48,44,52,50,50,10,51,50,54,44,52,48,48,44,52,49,54,44,52,49,48,44,52,50,50,10,51,50,54,44,52,48,48,44,52,49,191,108,24,191,201,193,191,53,228,188,58,249,190,181,76,189,182,192,191,32,22,0,0,0,0,0,0,192,160,121,191,211,151,191,53,206,191,211,38,191,95,113,191,228,58,191,228,191,191,99,57,192,76,106,0,0,0,0,0,0,192,160,122,191,155
2148,54,44,52,49,48,44,52,50,50,10,51,50,54,44,52,48,48,44,52,49,54,44,52,49,48,44,52,50,50,10,51,50,54,44,52,48,48,44,52,49,54,44,52,49,48,44,52,50,50,10,37,190,128,159,191,174,101,191,35,226,190,190,44,191,52,205,190,124,24,191,234,67,0,0,0,0,0,0,192,160,123,191,127,133,190,81,26,191,145,107,191,6,12,187,80,188,189,224,146,188,192,219,190,160,3,0,0,0,0,0,0,192,160,124,191
2194,54,44,52,49,48,44,52,50,49,10,51,50,54,44,52,48,48,44,52,49,54,44,52,49,48,44,52,50,49,10,51,50,55,44,52,48,48,44,52,49,54,44,52,49,48,44,52,50,49,10,160,130,191,167,240,190,194,135,191,193,80,191,120,108,191,168,238,191,148,172,191,1,53,192,62,151,0,0,0,0,0,0,192,160,131,191,107,204,190,132,41,191,133,70,191,58,251,188,21,116,190,35,196,189,26,55,190,252,254,0,0,0,0,0,0
2205,51,50,54,44,52,48,48,44,52,49,55,44,52,49,48,44,52,50,50,10,51,50,54,44,52,48,48,44,52,49,54,44,52,49,48,44,52,50,49,10,51,50,54,44,52,48,48,44,52,49,0,192,160,134,191,186,195,190,236,158,191,210,5,191,179,153,191,228,123,191,183,131,191,48,225,192,87,199,0,96,4,64,31,16,192,160,135,191,121,245,190,169,116,191,146,253,190,253,157,188,161,35,190,97,41,189,109,90,191,65,111,0,0,0,0
2325,51,50,54,44,52,48,48,44,52,49,54,44,52,49,48,44,52,50,50,10,51,50,55,44,52,48,48,44,52,49,54,44,52,49,48,44,52,50,50,10,51,50,55,44,52,48,48,44,52,49,7,24,190,150,8,0,0,0,0,0,0,192,160,154,191,207,160,191,121,148,191,224,166,191,216,142,190,0,127,191,104,247,190,217,136,191,242,126,0,80,4,48,30,240,192,160,155,191,180,138,191,92,131,191,207,251,191,167,198,191,74,200,191,129,120
2337,51,50,54,44,52,48,48,44,52,49,54,44,52,49,48,44,52,50,50,10,51,50,54,44,52,48,48,44,52,49,55,44,52,49,48,44,52,50,49,10,51,50,55,44,52,48,48,44,52,49,88,188,210,171,190,125,219,0,0,0,0,0,0,192,160,158,191,212,69,191,147,74,191,222,236,191,84,242,189,89,152,191,52,249,190,136,37,191,192,97,0,0,0,0,0,0,192,160,159,191,192,121,191,132,42,191,216,182,191,70,6,191,129,103,191
2427,54,44,52,49,48,44,52,50,50,10,51,50,54,44,52,48,48,44,52,49,54,44,52,49,48,44,52,50,50,10,51,50,55,44,52,48,48,44,52,49,54,44,52,49,48,44,52,50,50,10,181,142,190,236,190,191,178,95,191,104,116,192,72,67,0,0,0,0,0,0,192,160,172,191,168,128,190,133,44,191,192,62,191,124,24,190,96,248,191,40,239,190,180,243,192,8,245,0,0,0,0,0,0,192,160,173,191,130,33,190,81,123,191,152,137
2438,54,44,52,49,48,44,52,50,50,10,51,50,54,44,52,48,48,44,52,49,54,44,52,49,48,44,52,50,50,10,51,50,54,44,52,48,48,44,52,49,54,44,52,49,48,44,52,50,50,10,9,192,2,8,190,103,41,191,147,189,191,24,6,192,37,83,0,0,0,0,0,0,192,160,176,191,180,129,190,168,189,191,209,239,191,134,144,190,231,63,191,101,122,190,250,187,192,56,197,0,0,0,0,0,0,192,160,177,191,129,149,190,115,48,191
2480,51,50,55,44,52,48,48,44,52,49,54,44,52,49,49,44,52,50,50,10,51,50,54,44,52,48,48,44,52,49,54,44,52,49,48,44,52,50,50,10,51,50,55,44,52,48,48,44,52,49,124,191,7,191,191,226,157,191,123,7,188,127,54,190,227,40,190,17,149,191,120,97,0,0,0,0,0,0,192,160,188,191,204,127,191,14,77,191,231,68,191,129,113,191,91,195,191,187,86,191,60,91,192,105,118,0,0,0,0,0,0,192,160,189,191
2516,51,50,54,44,52,48,48,44,52,49,54,44,52,49,48,44,52,50,50,10,51,50,54,44,52,48,48,44,52,49,54,44,52,49,48,44,52,50,50,10,51,50,54,44,52,48,48,44,52,49,192,160,197,191,158,148,190,254,250,191,191,252,191,118,3,190,87,218,191,45,63,190,174,166,192,20,39,0,0,0,0,0,0,192,160,198,191,113,13,190,209,102,191,146,40,191,73,137,187,79,216,189,189,88,188,215,147,190,175,135,0,0,0,0,0
2522,54,44,52,49,48,44,52,50,50,10,51,50,54,44,52,48,48,44,52,49,54,44,52,49,48,44,52,50,50,10,51,50,54,44,52,48,48,44,52,49,54,44,52,49,48,44,52,50,50,10,0,192,160,199,191,171,92,191,14,216,191,202,61,191,135,121,187,53,9,190,8,37,189,29,3,190,183,141,0,0,0,0,0,0,192,160,200,191,214,45,191,73,123,191,244,20,191,193,209,190,21,193,191,125,102,190,220,48,192,31,38,0,0,0,0
2563,51,50,55,44,52,48,48,44,52,49,54,44,52,49,48,44,52,50,50,10,51,50,54,44,52,48,48,44,52,49,54,44,52,49,48,44,52,50,50,10,51,50,54,44,52,48,48,44,52,49,0,0,0,0,192,160,205,191,193,24,191,62,151,191,224,155,191,177,0,191,27,41,191,142,152,191,66,2,192,95,142,0,0,0,0,0,0,192,160,206,191,127,207,190,252,231,191,161,61,190,254,189,188,22,97,190,40,240,189,105,21,191,39,228,0
2598,54,44,52,49,48,44,52,50,50,10,51,50,54,44,52,48,48,44,52,49,54,44,52,49,48,44,52,50,50,10,51,50,54,44,52,48,48,44,52,49,54,44,52,49,48,44,52,50,50,10,62,191,36,113,0,0,0,0,0,0,192,160,217,191,223,94,191,169,241,191,243,43,191,155,97,190,210,133,191,182,117,191,87,254,192,104,168,0,0,0,0,0,0,192,160,218,191,161,156,191,102,214,191,188,212,191,88,203,189,200,203,190,252,173,190
2643,51,50,54,44,52,48,48,44,52,49,54,44,52,49,48,44,52,50,49,10,51,50,54,44,52,48,48,44,52,49,54,44,52,49,48,44,52,50,50,10,51,50,54,44,52,48,48,44,52,49,45,190,196,93,192,37,237,0,0,0,0,0,0,192,160,223,191,129,180,191,93,247,191,155,33,191,82,164,187,94,190,189,199,77,188,236,23,190,192,102,0,32,4,48,30,176,192,160,224,191,187,19,191,162,115,191,207,137,191,150,49,187,40,243,189
2696,54,44,52,49,49,44,52,50,50,10,51,50,54,44,52,48,48,44,52,49,54,44,52,49,48,44,52,50,50,10,51,50,54,44,52,48,48,44,52,49,54,44,52,49,48,44,52,50,50,10,75,191,86,1,191,202,151,191,116,35,192,126,211,0,0,0,0,0,0,192,160,235,191,152,1,190,137,92,191,175,118,191,65,59,188,210,84,190,151,73,189,220,0,191,143,248,0,0,0,0,0,0,192,160,236,191,158,233,190,144,31,191,181,203,191
2890,51,50,55,44,52,48,48,44,52,49,54,44,52,49,48,44,52,50,49,10,51,50,54,44,52,48,48,44,52,49,54,44,52,49,48,44,52,50,50,10,51,50,54,44,52,48,48,44,52,49,117,190,104,251,191,228,136,0,0,0,0,0,0,192,160,34,191,136,202,191,71,245,191,169,67,191,13,10,187,30,8,189,160,165,188,200,224,190,145,99,0,0,0,0,0,0,192,160,35,191,203,209,191,145,38,191,234,35,191,86,200,187,149,152,190
2936,55,44,52,49,48,44,52,50,50,10,51,50,54,44,52,48,48,44,52,49,54,44,52,49,48,44,52,50,50,10,51,50,54,44,52,48,48,44,52,49,54,44,52,49,48,44,52,50,49,10,177,73,191,100,251,190,226,198,192,79,229,0,0,0,0,0,0,192,160,42,191,124,65,191,86,110,191,155,112,191,30,239,187,160,99,189,232,18,189,42,138,190,243,111,0,0,0,0,0,0,192,160,43,191,172,131,191,134,65,191,203,131,191,79,100
2964,54,44,52,49,48,44,52,50,50,10,51,50,55,44,52,48,48,44,52,49,54,44,52,49,48,44,52,50,50,10,51,50,54,44,52,48,48,44,52,49,54,44,52,49,48,44,52,50,50,10,79,197,186,251,192,189,176,40,188,200,77,190,137,14,0,0,0,0,0,0,192,160,48,191,230,244,191,211,228,192,1,131,191,158,226,188,223,167,191,28,22,190,103,67,191,195,190,0,0,0,0,0,0,192,160,49,191,216,135,191,198,252,191,246,190
2976,54,44,52,49,48,44,52,50,50,10,51,50,54,44,52,48,48,44,52,49,54,44,52,49,48,44,52,50,49,10,51,50,54,44,52,48,48,44,52,49,54,44,52,49,48,44,52,50,50,10,29,191,79,60,186,245,214,189,149,164,188,206,5,190,120,54,0,0,0,0,0,0,192,160,52,191,223,186,191,247,204,191,251,174,191,161,194,188,85,46,190,211,243,190,52,172,191,125,13,0,0,0,0,0,0,192,160,53,191,232,203,192,59,118,192
2993,54,44,52,49,48,44,52,50,50,10,51,50,54,44,52,48,48,44,52,49,54,44,52,49,48,44,52,50,49,10,51,50,54,44,52,48,48,44,52,49,54,44,52,49,48,44,52,50,50,10,6,52,191,174,187,191,26,50,191,194,154,191,131,104,192,136,236,0,0,0,0,0,0,192,160,54,191,164,114,191,192,71,191,195,110,191,104,185,189,37,248,190,184,108,190,35,182,191,188,228,0,0,0,0,0,0,192,160,55,191,158,218,191,92,16
2998,54,44,52,49,48,44,52,50,50,10,51,50,54,44,52,48,48,44,52,49,54,44,52,49,48,44,52,50,50,10,51,50,55,44,52,48,48,44,52,49,54,44,52,49,49,44,52,50,50,10,191,189,145,191,99,244,187,5,194,189,160,71,188,195,3,190,143,27,0,80,3,224,30,208,192,160,56,191,228,32,191,43,58,191,244,137,191,190,124,187,229,76,190,154,141,189,215,5,191,70,244,0,0,0,0,0,0,192,160,57,191,243,28,191,55
3026,51,50,54,44,52,48,48,44,52,49,54,44,52,49,48,44,52,50,49,10,51,50,55,44,52,48,48,44,52,49,54,44,52,49,48,44,52,50,50,10,51,50,54,44,52,48,48,44,52,49,61,190,238,13,191,175,53,191,24,67,187,105,81,189,217,252,188,244,164,190,219,1,0,0,0,0,0,0,192,160,64,191,204,78,191,42,19,191,226,33,191,84,212,187,65,133,190,24,229,189,44,127,190,214,122,0,0,0,0,0,0,192,160,65,191
3089,51,50,54,44,52,48,48,44,52,49,54,44,52,49,48,44,52,50,50,10,51,50,54,44,52,48,48,44,52,49,54,44,52,49,48,44,52,50,50,10,51,50,55,44,52,48,48,44,52,49,0,0,192,160,77,191,230,190,191,143,127,191,252,204,191,191,253,188,67,123,190,212,33,190,20,233,191,120,57,0,0,0,0,0,0,192,160,78,191,238,26,191,162,51,192,9,109,191,210,158,191,30,84,191,208,88,191,122,162,192,138,180,0,0,0
3100,51,50,54,44,52,48,48,44,52,49,54,44,52,49,48,44,52,50,50,10,51,50,54,44,52,48,48,44,52,49,54,44,52,49,48,44,52,50,50,10,51,50,54,44,52,48,48,44,52,49,0,0,0,192,160,79,191,169,18,191,88,230,191,201,57,191,137,237,189,78,31,190,209,210,190,52,223,191,206,57,0,0,0,0,0,0,192,160,80,191,153,20,191,72,186,191,185,8,191,122,240,187,17,186,189,166,50,188,188,131,190,145,254,0,0
3118,54,44,52,49,48,44,52,50,50,10,51,50,54,44,52,48,48,44,52,49,54,44,52,49,48,44,52,50,50,10,51,50,54,44,52,48,48,44,52,49,54,44,52,49,48,44,52,50,50,10,0,0,0,0,192,160,81,191,223,43,191,152,134,191,245,209,191,226,212,187,206,232,190,141,26,189,186,24,191,53,243,0,0,0,0,0,0,192,160,82,191,249,232,191,195,72,192,15,107,192,27,138,190,214,137,191,204,60,191,104,210,192,117,25,0
3158,55,44,52,49,48,44,52,50,50,10,51,50,54,44,52,48,48,44,52,49,54,44,52,49,48,44,52,50,50,10,51,50,54,44,52,48,48,44,52,49,54,44,52,49,48,44,52,50,50,10,212,44,190,159,1,189,196,142,191,68,207,0,0,0,0,0,0,192,160,107,192,7,139,191,56,3,192,21,203,191,169,139,190,248,167,191,226,57,191,125,221,192,129,175,0,0,0,0,0,0,192,160,108,191,206,37,190,249,166,191,229,125,191,107,142
3170,51,50,54,44,52,48,48,44,52,49,54,44,52,49,48,44,52,50,50,10,51,50,54,44,52,48,48,44,52,49,54,44,52,49,48,44,52,50,50,10,51,50,54,44,52,48,48,44,52,49,190,57,220,191,69,30,190,192,37,192,46,121,0,0,0,0,0,0,192,160,109,191,164,199,190,208,51,191,187,255,191,67,49,187,89,163,189,224,69,188,245,16,190,215,190,0,0,0,0,0,0,192,160,110,191,225,156,191,18,214,191,245,49,191,134
3291,54,44,52,49,48,44,52,50,50,10,51,50,54,44,52,48,48,44,52,49,54,44,52,49,48,44,52,50,50,10,51,50,54,44,52,48,48,44,52,49,54,44,52,49,48,44,52,50,50,10,106,174,190,238,106,0,0,0,0,0,0,192,160,161,192,16,36,191,145,6,192,42,99,191,227,161,190,52,12,191,177,128,191,68,61,192,84,76,0,0,0,0,0,0,192,160,162,191,233,3,191,102,213,192,7,176,191,185,178,190,233,254,191,151,27
3315,54,44,52,49,48,44,52,50,50,10,51,50,55,44,52,48,48,44,52,49,54,44,52,49,49,44,52,50,50,10,51,50,54,44,52,48,48,44,52,49,54,44,52,49,48,44,52,50,50,10,4,189,26,75,190,197,115,0,64,4,16,30,176,192,160,165,192,13,223,191,159,10,192,38,250,191,243,73,189,157,108,191,126,16,190,229,113,192,30,134,0,0,0,0,0,0,192,160,166,191,246,242,191,134,235,192,21,31,191,219,41,191,62,63,191
3327,54,44,52,49,48,44,52,50,50,10,51,50,54,44,52,48,48,44,52,49,54,44,52,49,48,44,52,50,50,10,51,50,54,44,52,48,48,44,52,49,54,44,52,49,48,44,52,50,50,10,193,215,191,104,186,192,155,142,0,0,0,0,0,0,192,160,167,191,174,219,191,62,42,191,206,100,191,147,42,188,65,106,190,86,161,189,140,24,191,95,91,0,0,0,0,0,0,192,160,168,191,200,203,191,88,113,191,231,80,191,176,235,187,30,181
3380,51,50,54,44,52,48,48,44,52,49,54,44,52,49,48,44,52,50,50,10,51,50,55,44,52,48,48,44,52,49,54,44,52,49,48,44,52,50,49,10,51,50,54,44,52,48,48,44,52,49,176,198,191,12,116,191,233,79,191,100,153,192,152,205,0,0,0,0,0,0,192,160,179,191,211,240,191,164,219,191,237,12,191,107,164,189,251,64,191,44,68,190,162,212,192,32,196,0,0,0,0,0,0,192,160,180,191,175,167,191,128,131,191,200,190
3464,51,50,54,44,52,48,48,44,52,49,55,44,52,49,48,44,52,50,50,10,51,50,54,44,52,48,48,44,52,49,54,44,52,49,48,44,52,50,50,10,51,50,54,44,52,48,48,44,52,49,192,14,251,191,20,0,192,31,42,191,162,243,188,106,60,191,1,114,190,42,105,191,161,23,0,0,0,0,0,0,192,160,199,192,23,250,191,42,100,192,44,205,191,185,68,191,90,253,191,255,50,191,153,222,192,173,129,0,0,0,0,0,0,192,160
3505,51,50,55,44,52,48,48,44,52,49,54,44,52,49,48,44,52,50,50,10,51,50,55,44,52,48,48,44,52,49,54,44,52,49,48,44,52,50,50,10,51,50,54,44,52,48,48,44,52,49,0,0,192,160,208,191,237,6,191,34,88,192,13,80,191,180,201,190,178,37,191,135,232,191,45,73,192,108,244,0,0,0,0,0,0,192,160,209,191,180,76,190,233,189,191,212,226,191,124,245,187,172,54,190,14,159,189,61,154,191,17,93,0,0,0
3529,51,50,54,44,52,48,48,44,52,49,54,44,52,49,48,44,52,50,50,10,51,50,54,44,52,48,48,44,52,49,54,44,52,49,48,44,52,50,50,10,51,50,55,44,52,48,48,44,52,49,0,0,0,0,192,160,212,191,251,196,191,66,217,192,28,120,191,215,36,191,30,55,191,184,203,191,92,231,192,144,61,0,0,0,0,0,0,192,160,213,191,182,206,190,253,181,191,216,32,191,146,225,188,12,203,190,65,127,189,113,64,191,73,14,0
3691,54,44,52,49,48,44,52,50,49,10,51,50,54,44,52,48,48,44,52,49,54,44,52,49,48,44,52,50,50,10,51,50,54,44,52,48,48,44,52,49,55,44,52,49,48,44,52,50,50,10,230,232,191,191,14,191,123,233,192,155,240,0,0,0,0,0,0,192,160,238,191,183,150,191,111,30,191,219,71,191,141,9,188,37,105,190,71,141,189,141,50,191,80,53,0,0,0,0,0,0,192,160,239,191,215,180,191,143,54,191,250,57,191,173,225
3697,51,50,54,44,52,48,48,44,52,49,54,44,52,49,48,44,52,50,50,10,51,50,54,44,52,48,48,44,52,49,54,44,52,49,48,44,52,50,50,10,51,50,54,44,52,48,48,44,52,49,187,57,113,189,233,32,189,10,137,190,184,92,0,0,0,0,0,0,192,160,240,192,27,62,191,223,206,192,56,66,191,254,109,189,88,23,191,93,143,190,189,141,191,253,252,0,0,0,0,0,0,192,160,241,192,14,157,191,212,4,192,48,40,191,242
3739,51,50,54,44,52,48,48,44,52,49,54,44,52,49,48,44,52,50,50,10,51,50,54,44,52,48,48,44,52,49,54,44,52,49,48,44,52,50,49,10,51,50,55,44,52,48,48,44,52,49,192,42,157,191,122,107,191,248,176,191,133,123,192,192,83,0,0,0,0,0,0,192,160,246,191,211,38,191,168,192,191,243,4,191,106,94,189,71,105,190,220,62,190,73,97,191,221,58,0,0,0,0,0,0,192,160,247,191,202,81,191,159,173,191,234
3768,51,50,54,44,52,48,48,44,52,49,54,44,52,49,49,44,52,50,50,10,51,50,55,44,52,48,48,44,52,49,54,44,52,49,48,44,52,50,49,10,51,50,54,44,52,48,48,44,52,49,191,225,116,191,65,26,187,86,1,189,221,35,189,3,39,190,210,230,0,0,0,0,0,0,192,160,252,192,3,179,192,6,56,192,29,244,191,139,71,187,210,43,190,148,211,189,197,251,191,71,9,0,0,0,0,0,0,192,160,253,192,37,60,192,126
3814,54,44,52,49,48,44,52,50,50,10,51,50,55,44,52,48,48,44,52,49,54,44,52,49,48,44,52,50,50,10,51,50,54,44,52,48,48,44,52,49,54,44,52,49,48,44,52,50,50,10,138,191,30,60,191,226,151,191,118,100,187,226,105,190,52,41,189,85,35,191,55,52,0,0,0,0,0,0,192,160,4,191,243,20,191,76,203,192,12,57,191,165,94,187,85,66,190,37,121,189,47,218,190,234,230,0,0,0,0,0,0,192,160,5,192
3870,54,44,52,49,48,44,52,50,49,10,51,50,54,44,52,48,48,44,52,49,54,44,52,49,48,44,52,50,50,10,51,50,54,44,52,48,48,44,52,49,54,44,52,49,48,44,52,50,50,10,0,0,0,192,160,19,191,240,8,191,152,69,192,9,84,191,112,247,190,7,158,191,62,49,190,185,178,192,54,230,0,0,0,0,0,0,192,160,20,191,206,199,191,119,14,191,232,86,191,80,223,187,101,229,189,235,21,189,5,155,190,228,252,0,0
3917,54,44,52,49,48,44,52,50,50,10,51,50,54,44,52,48,48,44,52,49,54,44,52,49,48,44,52,50,50,10,51,50,54,44,52,48,48,44,52,49,54,44,52,49,48,44,52,50,50,10,169,191,161,55,187,79,186,190,19,111,189,73,138,190,222,3,0,0,0,0,0,0,192,160,30,192,42,181,192,16,126,192,66,221,191,238,155,189,158,110,191,145,242,191,20,219,192,54,208,0,0,0,0,0,0,192,160,31,192,21,117,191,250,226,192
3989,54,44,52,49,48,44,52,50,49,10,51,50,54,44,52,48,48,44,52,49,54,44,52,49,48,44,52,50,50,10,51,50,54,44,52,48,48,44,52,49,54,44,52,49,48,44,52,50,50,10,191,213,253,191,76,212,191,240,35,191,85,247,187,120,151,190,0,2,189,17,191,190,251,121,0,0,0,0,0,0,192,160,46,192,20,100,191,145,196,192,41,197,191,155,59,187,187,29,190,142,117,189,164,64,191,67,255,0,64,4,64,30,240,192,160
4090,51,50,55,44,52,48,48,44,52,49,54,44,52,49,48,44,52,50,50,10,51,50,54,44,52,48,48,44,52,49,54,44,52,49,48,44,52,50,50,10,51,50,54,44,52,48,48,44,52,49,192,180,118,0,0,0,0,0,0,192,160,69,192,2,51,191,227,106,192,33,195,191,203,173,190,73,69,191,103,230,190,249,197,192,92,166,0,0,0,0,0,0,192,160,70,191,218,8,191,187,157,191,250,58,191,75,206,187,134,241,190,4,149,189,44
4095,54,44,52,49,48,44,52,50,50,10,51,50,54,44,52,48,48,44,52,49,54,44,52,49,48,44,52,50,50,10,51,50,54,44,52,48,48,44,52,49,54,44,52,49,48,44,52,50,50,10,54,191,2,48,0,0,0,0,0,0,192,160,71,192,23,20,192,11,176,192,45,177,191,136,177,187,171,137,190,126,67,189,165,136,191,55,118,0,0,0,0,0,0,192,160,72,192,62,168,192,144,122,192,77,58,191,198,164,190,150,244,191,237,164,191
4230,54,44,52,49,48,44,52,50,50,10,51,50,55,44,52,48,48,44,52,49,54,44,52,49,48,44,52,50,50,10,51,50,54,44,52,48,48,44,52,49,54,44,52,49,48,44,52,50,50,10,191,159,132,187,246,157,190,191,166,189,224,252,191,109,65,0,0,0,0,0,0,192,160,93,192,69,111,191,224,140,192,83,139,191,207,16,191,4,239,192,13,193,191,159,235,192,179,79,0,0,0,0,0,0,192,160,94,192,13,155,191,163,230,192,38
4314,51,50,54,44,52,48,48,44,52,49,54,44,52,49,48,44,52,50,50,10,51,50,54,44,51,57,57,44,52,49,54,44,52,49,48,44,52,50,49,10,51,50,54,44,52,48,48,44,52,49,93,191,255,10,192,76,72,191,243,99,191,131,86,192,7,216,191,185,30,192,215,58,0,0,0,0,0,0,192,160,107,191,226,218,191,177,192,192,2,183,191,166,238,188,207,231,190,184,40,189,255,56,191,195,50,0,0,0,0,0,0,192,160,108,191
4356,51,50,54,44,52,48,48,44,52,49,54,44,52,49,48,44,52,50,50,10,51,50,55,44,52,48,48,44,52,49,54,44,52,49,48,44,52,50,50,10,51,50,54,44,52,48,48,44,52,49,160,114,192,64,79,192,45,156,192,93,157,192,37,156,191,55,255,192,20,130,191,214,52,192,210,74,0,0,0,0,0,0,192,160,115,191,252,234,191,231,117,192,29,100,191,224,15,189,249,74,191,67,185,190,202,67,192,69,131,0,80,4,16,30,176
4386,54,44,52,49,48,44,52,50,50,10,51,50,54,44,52,48,48,44,52,49,54,44,52,49,48,44,52,50,50,10,51,50,54,44,52,48,48,44,52,49,54,44,52,49,48,44,52,50,50,10,0,0,192,160,120,191,243,113,191,227,224,192,17,186,191,92,184,187,178,11,190,41,161,189,76,50,191,45,250,0,0,0,0,0,0,192,160,121,192,46,119,191,224,155,192,67,91,191,150,203,187,161,79,190,124,180,189,152,39,191,59,224,0,0,0
4416,51,50,54,44,52,48,48,44,52,49,54,44,52,49,48,44,52,50,50,10,51,50,54,44,52,48,48,44,52,49,54,44,52,49,48,44,52,50,50,10,51,50,55,44,52,48,48,44,52,49,64,4,48,31,32,192,160,126,192,81,179,191,66,125,192,89,203,191,246,51,189,230,117,191,197,196,191,36,107,192,96,104,0,0,0,0,0,0,192,160,127,192,53,188,191,44,64,192,79,58,191,223,213,191,130,4,192,4,167,191,165,243,192,208,123
4446,51,50,54,44,52,48,48,44,52,49,54,44,52,49,48,44,52,50,50,10,51,50,54,44,52,48,48,44,52,49,54,44,52,49,48,44,52,50,49,10,51,50,54,44,52,48,48,44,52,49,118,0,0,0,0,0,0,192,160,130,192,73,45,191,81,1,192,85,200,192,5,242,189,72,231,191,133,245,190,197,195,192,33,106,0,0,0,0,0,0,192,160,131,192,63,245,191,77,215,192,85,18,192,2,187,191,161,161,192,31,14,191,188,146,192
4470,51,50,54,44,52,48,48,44,52,49,54,44,52,49,48,44,52,50,50,10,51,50,54,44,52,48,48,44,52,49,54,44,52,49,48,44,52,50,50,10,51,50,54,44,52,48,48,44,52,49,190,226,172,0,0,0,0,0,0,192,160,134,192,64,108,191,90,213,192,82,225,192,17,68,188,183,30,191,60,163,190,99,218,191,220,46,0,0,0,0,0,0,192,160,135,192,69,232,191,106,156,192,92,148,192,32,236,191,141,165,192,39,238,191,167
4500,51,50,54,44,52,48,48,44,52,49,54,44,52,49,48,44,52,50,50,10,51,50,54,44,52,48,48,44,52,49,55,44,52,49,48,44,52,50,49,10,51,50,54,44,52,48,48,44,52,49,40,200,190,225,225,0,0,0,0,0,0,192,160,138,192,51,47,191,93,110,192,78,62,192,32,35,188,57,68,190,237,43,190,50,140,191,148,50,0,0,0,0,0,0,192,160,139,192,75,167,191,132,101,192,105,47,192,104,238,191,70,21,192,34,224
4512,54,44,52,49,48,44,52,50,49,10,51,50,55,44,52,48,48,44,52,49,54,44,52,49,48,44,52,50,50,10,51,50,54,44,52,48,48,44,52,49,54,44,52,49,48,44,52,50,49,10,194,189,49,208,191,10,75,0,0,0,0,0,0,192,160,142,192,47,208,191,107,133,192,71,196,191,162,57,187,221,191,190,174,128,189,210,65,191,96,142,0,0,0,0,0,0,192,160,143,192,81,31,191,162,47,192,97,138,191,216,246,190,226,150,192
4727,54,44,52,49,48,44,52,50,50,10,51,50,54,44,52,48,48,44,52,49,54,44,52,49,48,44,52,50,50,10,51,50,54,44,52,48,48,44,52,49,54,44,52,49,49,44,52,50,50,10,192,103,106,191,251,108,192,113,19,191,234,161,189,112,37,191,164,149,191,32,39,192,65,134,0,0,0,0,0,0,192,160,227,192,90,237,191,122,39,192,114,135,191,234,115,191,186,124,192,55,177,192,10,184,192,246,21,0,0,0,0,0,0,192,160
4769,51,50,54,44,52,48,48,44,52,49,54,44,52,49,48,44,52,50,50,10,51,50,55,44,52,48,48,44,52,49,54,44,52,49,48,44,52,50,50,10,51,50,54,44,52,48,48,44,52,49,0,0,192,160,236,192,35,104,191,46,77,192,62,146,191,232,136,190,58,93,191,121,85,190,228,77,192,104,180,0,0,0,0,0,0,192,160,237,192,2,15,191,12,242,192,29,39,191,200,30,187,154,186,190,39,68,189,51,71,191,26,67,0,0,0
4833,54,44,52,49,48,44,52,50,50,10,51,50,54,44,52,48,48,44,52,49,54,44,52,49,48,44,52,50,49,10,51,50,54,44,52,48,48,44,52,49,54,44,52,49,48,44,52,50,50,10,81,0,0,0,0,0,0,192,160,246,192,46,72,191,96,218,192,77,38,191,158,27,187,137,54,190,88,94,189,116,168,191,32,12,0,0,0,0,0,0,192,160,247,192,101,145,191,174,162,192,117,85,191,236,0,189,231,95,191,212,140,191,65,96,192
4844,54,44,52,49,48,44,52,50,50,10,51,50,55,44,52,48,48,44,52,49,54,44,52,49,48,44,52,50,50,10,51,50,54,44,52,48,48,44,52,49,54,44,52,49,48,44,52,50,50,10,112,30,0,0,0,0,0,0,192,160,248,192,78,249,191,153,60,192,106,219,191,214,208,191,147,166,192,28,122,191,205,49,192,234,229,0,0,0,0,0,0,192,160,249,192,6,245,191,79,43,192,36,206,191,141,215,188,157,106,190,180,165,189,237,224
4856,54,44,52,49,48,44,52,50,50,10,51,50,54,44,52,48,48,44,52,49,54,44,52,49,48,44,52,50,50,10,51,50,54,44,52,48,48,44,52,49,54,44,52,49,48,44,52,50,50,10,191,187,189,0,0,0,0,0,0,192,160,250,192,30,140,191,103,28,192,59,37,191,166,152,187,114,121,190,47,252,189,60,98,191,5,88,0,0,0,0,0,0,192,160,251,192,94,180,191,186,39,192,116,52,191,249,165,189,79,182,191,148,105,190,219
4879,51,50,54,44,52,48,48,44,52,49,55,44,52,49,48,44,52,50,50,10,51,50,54,44,52,48,48,44,52,49,54,44,52,49,48,44,52,50,49,10,51,50,54,44,52,48,48,44,52,49,171,192,50,247,0,0,0,0,0,0,192,160,252,192,87,93,191,184,77,192,118,12,191,247,238,191,181,153,192,54,141,191,221,73,192,250,86,0,0,0,0,0,0,192,160,253,192,12,190,191,106,189,192,44,221,191,171,67,189,38,42,190,247,46,190
4979,54,44,52,49,48,44,52,50,49,10,51,50,54,44,52,48,48,44,52,49,54,44,52,49,48,44,52,50,50,10,51,50,54,44,51,57,57,44,52,49,55,44,52,49,48,44,52,50,49,10,153,209,187,133,95,190,73,72,189,128,90,191,24,110,0,0,0,0,0,0,192,160,16,192,103,155,192,29,78,192,122,180,191,233,33,189,192,114,191,197,107,191,69,220,192,100,255,0,0,0,0,0,0,192,160,17,192,84,170,192,12,9,192,113,218
5044,54,44,52,49,48,44,52,50,49,10,51,50,54,44,52,48,48,44,52,49,55,44,52,49,48,44,52,50,50,10,51,50,54,44,52,48,48,44,52,49,54,44,52,49,48,44,52,50,50,10,224,207,192,35,14,191,178,97,187,138,174,190,22,10,189,81,69,191,9,179,0,64,4,16,30,224,192,160,28,192,76,126,192,45,163,192,106,175,191,255,153,188,50,238,190,239,124,190,59,178,191,159,164,0,0,0,0,0,0,192,160,29,192,105,109
5049,54,44,52,49,48,44,52,50,50,10,51,50,54,44,52,48,48,44,52,49,54,44,52,49,48,44,52,50,50,10,51,50,54,44,52,48,48,44,52,49,54,44,52,49,48,44,52,50,50,10,192,86,214,192,135,217,192,40,201,191,47,4,192,54,104,191,239,132,192,238,30,0,0,0,0,0,0,192,160,30,192,44,116,192,21,234,192,77,115,191,232,102,190,108,183,191,146,63,191,36,52,192,142,182,0,0,0,0,0,0,192,160,31,192,2
5095,51,50,54,44,52,48,48,44,52,49,54,44,52,49,48,44,52,50,50,10,51,50,54,44,52,48,48,44,52,49,54,44,52,49,48,44,52,50,50,10,51,50,55,44,52,48,48,44,52,49,192,160,41,192,115,100,191,231,236,192,128,125,191,243,59,189,179,97,191,200,199,191,22,139,192,100,142,0,0,0,0,0,0,192,160,42,192,99,73,191,218,207,192,124,45,191,230,121,191,185,35,192,57,41,191,217,65,192,255,50,0,0,0,0,0
5106,54,44,52,49,48,44,52,50,50,10,51,50,54,44,52,48,48,44,52,49,54,44,52,49,48,44,52,50,50,10,51,50,54,44,52,48,48,44,52,49,54,44,52,49,48,44,52,50,50,10,0,192,160,43,192,25,145,191,142,129,192,53,45,191,155,77,188,227,211,190,224,10,190,19,216,191,227,168,0,0,0,0,0,0,192,160,44,192,40,189,191,157,193,192,67,33,191,171,110,187,122,91,190,50,125,189,50,50,191,192,160,77,192,27,231
5117,54,44,52,49,48,44,52,50,49,10,51,50,54,44,52,48,48,44,52,49,54,44,52,49,48,44,52,50,50,10,51,50,54,44,52,48,48,44,52,49,54,44,52,49,48,44,52,50,49,10,207,191,241,137,192,144,248,192,79,105,191,39,227,192,67,135,191,177,124,192,231,219,0,0,0,0,0,0,192,160,80,192,66,206,191,180,70,192,94,214,192,18,117,190,198,117,191,194,72,191,61,143,192,172,223,0,0,0,0,0,0,192,160,81,192
5129,51,50,54,44,52,48,48,44,52,49,55,44,52,49,48,44,52,50,50,10,51,50,54,44,52,48,48,44,52,49,54,44,52,49,48,44,52,50,50,10,51,50,54,44,52,48,48,44,52,49,192,121,157,191,255,226,192,148,132,192,95,79,190,155,237,192,29,118,191,180,136,192,193,240,0,0,0,0,0,0,192,160,84,192,81,59,191,212,114,192,112,79,192,52,80,191,64,86,191,250,244,191,167,251,192,225,5,0,0,0,0,0,0,192,160
5158,54,44,52,49,48,44,52,50,50,10,51,50,54,44,52,48,48,44,52,49,54,44,52,49,48,44,52,50,50,10,51,50,54,44,52,48,48,44,52,49,54,44,52,49,48,44,52,50,50,10,0,192,160,91,192,122,3,192,36,246,192,138,22,191,246,130,189,122,123,191,180,100,190,254,45,192,82,171,0,0,0,0,0,0,192,160,92,192,111,131,192,32,168,192,139,22,191,242,95,191,202,1,192,75,143,191,241,148,193,14,134,0,0,0,0
5285,51,50,54,44,52,48,48,44,52,49,54,44,52,49,48,44,52,50,50,10,51,50,54,44,52,48,48,44,52,49,54,44,52,49,48,44,52,50,50,10,51,50,55,44,52,48,48,44,52,49,174,81,191,6,175,192,77,95,0,32,4,16,30,160,192,160,117,192,122,168,191,242,60,192,146,109,192,1,34,191,210,37,192,88,135,192,18,245,193,25,0,0,0,0,0,0,0,192,160,118,192,49,129,191,165,80,192,77,36,191,180,223,189,81,6
5292,54,44,52,49,48,44,52,50,50,10,51,50,54,44,52,48,48,44,52,49,54,44,52,49,48,44,52,50,50,10,51,50,55,44,52,48,48,44,52,49,54,44,52,49,48,44,52,50,49,10,191,30,74,190,112,105,192,37,208,0,0,0,0,0,0,192,160,119,192,50,206,191,166,163,192,77,239,191,182,249,187,141,204,190,56,178,189,73,237,191,31,7,0,0,0,0,0,0,192,160,120,192,119,149,191,249,233,192,136,192,192,10,147,188,213
5328,51,50,54,44,52,48,48,44,52,49,54,44,52,49,48,44,52,50,49,10,51,50,54,44,52,48,48,44,52,49,54,44,52,49,48,44,52,50,50,10,51,50,54,44,52,48,48,44,52,49,58,190,125,92,191,165,202,191,30,232,192,156,151,0,32,4,16,30,160,192,160,127,192,27,21,191,186,57,192,55,129,191,206,38,187,200,121,190,70,42,189,129,166,191,65,188,0,0,0,0,0,0,192,160,128,192,90,123,191,254,75,192,119,23,192
5406,51,50,54,44,52,48,48,44,52,49,54,44,52,49,48,44,52,50,50,10,51,50,54,44,52,48,48,44,52,49,55,44,52,49,48,44,52,50,49,10,51,50,54,44,52,48,48,44,52,49,135,40,192,223,162,192,158,141,192,36,179,191,170,75,192,101,27,192,23,17,193,23,224,0,0,0,0,0,0,192,160,147,192,73,59,192,102,93,192,101,135,191,226,35,190,15,49,191,124,189,190,233,136,192,119,98,0,0,0,0,0,0,192,160,148
5412,54,44,52,49,48,44,52,50,50,10,51,50,54,44,52,48,48,44,52,49,54,44,52,49,48,44,52,50,50,10,51,50,54,44,52,48,48,44,52,49,54,44,52,49,48,44,52,50,50,10,192,54,39,191,220,98,192,82,20,191,207,202,187,173,195,190,70,134,189,91,88,191,55,154,0,0,0,0,0,0,192,160,149,192,120,184,191,196,117,192,138,26,192,30,130,188,80,24,191,24,194,190,61,198,191,195,160,0,0,0,0,0,0,192,160
5436,54,44,52,49,48,44,52,50,50,10,51,50,55,44,52,48,48,44,52,49,54,44,52,49,48,44,52,50,50,10,51,50,54,44,52,48,48,44,52,49,54,44,52,49,48,44,52,50,50,10,192,160,154,192,142,225,192,1,12,192,157,175,192,98,201,190,229,221,192,64,35,191,183,5,192,223,222,0,0,0,0,0,0,192,160,155,192,97,245,191,208,64,192,123,201,192,50,61,191,49,107,191,253,246,191,137,30,192,223,178,0,48,4,16,30
5442,54,44,52,49,48,44,52,50,50,10,51,50,54,44,52,48,48,44,52,49,54,44,52,49,48,44,52,50,50,10,51,50,54,44,52,48,48,44,52,49,54,44,52,49,48,44,52,50,50,10,0,0,192,160,158,192,140,29,192,17,231,192,164,99,192,150,142,190,84,251,192,18,43,191,117,23,192,174,174,0,0,0,0,0,0,192,160,159,192,114,209,191,247,72,192,145,213,192,102,161,191,156,222,192,50,72,191,204,178,193,7,7,0,0,0
5669,54,44,52,49,48,44,52,50,50,10,51,50,54,44,52,48,48,44,52,49,55,44,52,49,48,44,52,50,50,10,51,50,54,44,52,48,48,44,52,49,54,44,52,49,48,44,52,50,50,10,189,48,33,191,27,121,190,101,16,192,34,192,0,0,0,0,0,0,192,160,190,192,87,175,192,31,63,192,115,128,191,185,240,187,157,213,190,87,105,189,103,133,191,56,119,0,0,0,0,0,0,192,160,191,192,155,201,192,50,19,192,161,145,192,19
5699,51,50,54,44,52,48,48,44,52,49,54,44,52,49,48,44,52,50,50,10,51,50,54,44,52,48,48,44,52,49,54,44,52,49,49,44,52,50,50,10,51,50,54,44,52,48,48,44,52,49,176,58,189,196,31,191,113,236,0,0,0,0,0,0,192,160,229,192,156,147,192,49,89,192,179,146,192,115,88,190,141,8,192,47,193,191,144,0,192,216,40,0,0,0,0,0,0,192,160,230,192,118,37,192,8,212,192,149,48,192,75,7,191,122,84
5711,54,44,52,49,48,44,52,50,50,10,51,50,55,44,52,48,48,44,52,49,54,44,52,49,48,44,52,50,50,10,51,50,54,44,52,48,48,44,52,49,54,44,52,49,48,44,52,50,50,10,192,43,192,191,181,205,193,17,157,0,0,0,0,0,0,192,160,231,192,49,59,191,195,176,192,81,100,192,6,221,188,112,157,190,175,17,189,253,219,191,183,161,0,0,0,0,0,0,192,160,232,192,88,63,191,235,70,192,120,57,192,47,26,187,185
5729,51,50,54,44,52,48,48,44,52,49,54,44,52,49,48,44,52,50,50,10,51,50,54,44,52,48,48,44,52,49,54,44,52,49,48,44,52,50,49,10,51,50,55,44,52,48,48,44,52,49,185,238,192,82,148,192,21,224,193,46,188,0,48,3,240,30,192,192,160,235,192,57,32,191,219,27,192,93,163,192,31,224,188,230,40,190,237,249,190,61,60,191,251,227,0,0,0,0,0,0,192,160,236,192,77,117,191,239,42,192,113,96,192,54,162
5859,51,50,54,44,52,48,48,44,52,49,54,44,52,49,48,44,52,50,49,10,51,50,54,44,52,48,48,44,52,49,54,44,52,49,48,44,52,50,50,10,51,50,54,44,52,48,48,44,52,49,192,77,66,191,164,5,192,104,100,192,31,185,189,15,37,191,15,194,190,74,141,192,23,121,0,0,0,0,0,0,192,160,5,192,92,200,191,179,184,192,119,129,192,48,84,187,174,99,190,100,192,189,107,186,191,64,7,0,0,0,0,0,0,192,160
5943,54,44,52,49,48,44,52,50,49,10,51,50,54,44,52,48,48,44,52,49,54,44,52,49,48,44,52,50,50,10,51,50,54,44,52,48,48,44,52,49,54,44,52,49,48,44,52,50,50,10,0,0,0,0,192,160,18,192,124,132,192,31,146,192,151,235,192,29,192,188,16,178,190,223,59,190,26,204,191,152,122,0,80,3,208,30,208,192,160,19,192,167,53,192,93,65,192,192,90,192,91,57,190,238,2,192,84,4,191,243,60,192,253,162,0
5966,51,50,54,44,52,48,48,44,52,49,54,44,52,49,49,44,52,50,50,10,51,50,54,44,52,48,48,44,52,49,54,44,52,49,48,44,52,50,50,10,51,50,54,44,52,48,48,44,52,49,0,0,0,0,0,0,192,160,22,192,110,228,192,35,36,192,141,88,192,34,223,187,218,65,190,165,61,189,196,169,191,108,29,0,0,0,0,0,0,192,160,23,192,166,149,192,108,227,192,192,61,192,108,104,190,90,226,192,38,175,191,151,139,192,200
6008,54,44,52,49,48,44,52,50,50,10,51,50,54,44,52,48,48,44,52,49,54,44,52,49,48,44,52,50,50,10,51,50,55,44,52,48,48,44,52,49,54,44,52,49,48,44,52,50,50,10,7,217,192,73,40,0,0,0,0,0,0,192,160,32,192,160,3,192,131,158,192,192,150,192,134,171,191,215,231,192,125,34,192,71,65,193,73,138,0,0,0,0,0,0,192,160,33,192,85,89,192,54,190,192,119,175,192,58,202,189,189,75,191,95,174
6020,51,50,54,44,52,48,48,44,52,49,54,44,52,49,48,44,52,50,50,10,51,50,54,44,52,48,48,44,52,49,54,44,52,49,48,44,52,50,50,10,51,50,54,44,52,48,48,44,52,49,190,204,246,192,107,7,0,0,0,0,0,0,192,160,34,192,75,150,192,44,178,192,109,174,192,49,229,187,187,131,190,80,195,189,115,168,191,66,165,0,0,0,0,0,0,192,160,35,192,146,242,192,142,99,192,175,68,192,155,71,188,179,161,191,90
6032,51,50,55,44,52,48,48,44,52,49,54,44,52,49,48,44,52,50,49,10,51,50,54,44,52,48,48,44,52,49,54,44,52,49,48,44,52,50,50,10,51,50,55,44,52,48,48,44,52,49,191,44,139,190,81,44,191,223,21,0,0,0,0,0,0,192,160,40,192,187,36,192,35,57,192,195,103,192,73,13,191,118,116,192,132,135,192,29,21,193,36,100,0,0,0,0,0,0,192,160,41,192,135,105,191,112,63,192,161,99,192,18,165,191,17
6044,51,50,54,44,52,48,48,44,52,49,54,44,52,49,48,44,52,50,50,10,51,50,55,44,52,48,48,44,52,49,54,44,52,49,48,44,52,50,50,10,51,50,54,44,52,48,48,44,52,49,15,24,190,237,148,189,255,198,191,169,207,0,0,0,0,0,0,192,160,44,192,184,104,191,173,163,192,197,199,192,99,124,190,239,123,192,98,116,191,217,164,192,252,232,0,0,0,0,0,0,192,160,45,192,143,187,191,131,195,192,171,223,192,57,225
6062,54,44,52,49,48,44,52,50,50,10,51,50,54,44,52,48,48,44,52,49,54,44,52,49,48,44,52,50,50,10,51,50,54,44,52,48,48,44,52,49,54,44,52,49,48,44,52,50,50,10,108,187,220,110,190,179,8,189,185,1,191,120,244,0,48,4,64,30,176,192,160,48,192,179,235,191,191,109,192,197,56,192,118,240,190,84,116,192,47,188,191,135,75,192,202,118,0,0,0,0,0,0,192,160,49,192,154,243,191,166,222,192,182,203,192
6098,54,44,52,49,48,44,52,50,50,10,51,50,54,44,52,48,48,44,52,49,54,44,52,49,48,44,52,50,50,10,51,50,54,44,52,48,48,44,52,49,54,44,52,49,48,44,52,50,50,10,192,203,85,192,196,6,191,242,103,192,144,156,192,86,197,193,73,178,0,48,4,64,30,208,192,160,58,192,108,225,191,160,111,192,140,194,192,17,70,189,245,92,191,136,106,190,245,115,192,134,104,0,0,0,0,0,0,192,160,59,192,95,180,191,147
6121,54,44,52,49,48,44,52,50,49,10,51,50,54,44,52,48,48,44,52,49,54,44,52,49,48,44,52,50,50,10,51,50,54,44,52,48,48,44,52,49,54,44,52,49,49,44,52,50,49,10,13,192,30,218,192,206,238,192,86,107,191,78,113,192,121,189,191,255,253,193,29,208,0,0,0,0,0,0,192,160,66,192,133,210,191,231,21,192,162,162,192,31,36,191,32,45,192,13,159,191,143,228,192,247,79,0,0,0,0,0,0,192,160,67,192
6132,51,50,55,44,52,48,48,44,52,49,54,44,52,49,48,44,52,50,50,10,51,50,55,44,52,48,48,44,52,49,54,44,52,49,48,44,52,50,50,10,51,50,54,44,52,48,48,44,52,49,81,164,191,178,223,192,110,78,191,235,229,188,43,51,190,153,59,189,175,30,191,153,196,0,64,4,64,30,224,192,160,68,192,136,96,191,237,14,192,162,6,192,38,177,188,4,98,190,215,204,189,227,104,191,149,25,0,0,0,0,0,0,192,160,69
6162,51,50,54,44,52,48,48,44,52,49,54,44,52,49,48,44,52,50,50,10,51,50,54,44,52,48,48,44,52,49,55,44,52,49,48,44,52,50,50,10,51,50,54,44,52,48,48,44,52,49,71,192,75,108,191,194,20,192,105,233,191,252,231,188,127,130,190,197,198,190,12,197,191,200,214,0,0,0,0,0,0,192,160,72,192,116,112,191,235,190,192,146,184,192,39,49,187,215,44,190,158,1,189,205,236,191,102,36,0,0,0,0,0,0,192
6254,54,44,52,49,48,44,52,50,50,10,51,50,54,44,52,48,48,44,52,49,54,44,52,49,48,44,52,50,50,10,51,50,54,44,52,48,48,44,52,49,54,44,52,49,48,44,52,50,50,10,0,0,0,0,0,192,160,111,192,191,197,192,87,231,192,220,80,192,227,38,191,146,241,192,143,185,192,34,100,193,59,134,0,0,0,0,0,0,192,160,112,192,138,169,192,30,24,192,174,57,192,68,112,190,219,18,191,246,183,191,111,185,192,232,80
6288,51,50,54,44,52,48,48,44,52,49,54,44,52,49,48,44,52,50,50,10,51,50,54,44,52,48,48,44,52,49,54,44,52,49,48,44,52,50,50,10,51,50,54,44,52,48,48,44,52,49,163,193,56,151,0,0,0,0,0,0,192,160,121,192,89,191,192,25,108,192,121,79,191,240,254,188,183,209,190,234,163,190,54,73,191,240,189,0,0,0,0,0,0,192,160,122,192,123,53,192,58,237,192,153,188,192,19,94,187,214,38,190,150,224,189
6293,55,44,52,49,48,44,52,50,50,10,51,50,54,44,52,48,48,44,52,49,54,44,52,49,48,44,52,50,50,10,51,50,54,44,52,48,48,44,52,49,54,44,52,49,48,44,52,50,49,10,197,141,191,100,253,0,0,0,0,0,0,192,160,123,192,188,163,192,139,73,192,212,16,192,99,183,189,236,220,192,12,95,191,127,62,192,173,104,0,0,0,0,0,0,192,160,124,192,174,143,192,126,175,192,202,149,192,87,40,191,244,44,192,132,52
